Uid,Lead uid,Phone
1,1,517-782-7343
2,2,808-572-3324
3,3,410-794-7279
4,4,518-441-4708
5,5,804-477-5590
6,6,707-348-9487
7,7,707-947-4901
8,8,912-342-9593
9,9,928-862-3347
10,10,608-743-3485
11,11,979-234-6303
12,12,845-508-9364
13,13,330-668-8830
14,14,308-366-0524
15,15,410-313-0414
16,16,610-826-6577
17,17,860-677-3172
18,18,740-597-5172
19,19,650-733-4527
20,20,615-578-0662
21,21,678-557-7183
22,22,770-992-5718
23,23,978-423-5919
24,24,646-602-2074
25,25,906-774-7957
26,26,610-453-4749
27,27,469-446-1959
28,28,507-263-9822
29,29,315-791-1273
30,30,786-217-4707
31,31,919-628-3623
32,32,919-918-1714
33,33,910-770-9457
34,34,708-326-3396
35,35,252-200-2298
36,36,217-401-8159
37,37,517-677-0691
38,38,985-509-3817
39,39,518-348-5353
40,40,248-664-3142
41,41,509-967-5559
42,42,417-938-3029
43,43,818-646-6121
44,44,701-240-4787
45,45,317-722-4218
46,46,937-455-2486
47,47,731-415-7808
48,48,425-675-2248
49,49,480-726-7173
50,50,917-541-1762
51,51,217-417-9298
52,52,586-755-0517
53,53,419-468-8316
54,54,517-927-8422
55,55,906-406-2616
56,56,419-832-3233
57,57,330-768-4737
58,58,281-623-5140
59,59,305-459-6683
60,60,443-507-6224
61,61,615-535-9149
62,62,715-592-4801
63,63,229-505-3624
64,64,513-200-0509
65,65,520-483-6772
66,66,919-688-1425
67,67,708-614-8639
68,68,505-979-1343
69,69,408-561-6870
70,70,786-351-6268
71,71,209-817-1435
72,72,409-971-7396
73,73,678-578-0870
74,74,401-828-2067
75,75,813-425-5248
76,76,818-876-3647
77,77,508-420-7533
78,78,940-391-8042
79,79,307-868-1270
80,80,630-242-4645
81,81,913-644-7299
82,82,208-674-6632
83,83,661-695-4146
84,84,919-410-4924
85,85,815-399-3013
86,86,660-675-0640
87,87,305-710-3927
88,88,202-829-9187
89,89,605-694-4291
90,90,859-881-5712
91,91,215-800-7828
92,92,760-928-5373
93,93,772-425-8759
94,94,910-827-9945
95,95,810-664-5574
96,96,914-310-3462
97,97,912-554-2528
98,98,952-808-3280
99,99,843-477-4776
100,100,510-761-0833
101,101,
102,102,
103,103,697-435-5141
104,104,407-460-1629
105,105,
106,106,757-698-4022
107,107,937-820-4202
108,108,486-295-1847
109,109,943-275-828
110,110,934-752-4179
111,111,778-295-7090
112,112,477-180-7014
113,113,
114,114,280-279-6497
115,115,217-380-627
116,116,438-622-4506
117,117,378-636-5970
118,118,516-119-1736
119,119,785-90-8884
120,120,541-584-3091
121,121,808-621-7779
122,122,284-350-5352
123,123,48-175-4833
124,124,988-315-4059
125,125,607-196-3594
126,126,204-448-9098
127,127,766-775-3208
128,128,130-745-3865
129,129,381-654-5148
130,130,881-742-6476
131,131,603-39-9882
132,132,678-15-2718
133,133,20-975-270
134,134,374-966-5636
135,135,
136,136,
137,137,
138,138,192-99-7926
139,139,156-127-9125
140,140,195-265-9934
141,141,286-892-4492
142,142,733-672-2234
143,143,788-221-2193
144,144,817-707-8423
145,145,769-928-677
146,146,10-616-7501
147,147,144-525-8639
148,148,861-374-5103
149,149,76-606-5823
150,150,262-658-9371
151,151,140-186-893
152,152,
153,153,56-770-2184
154,154,683-897-3651
155,155,524-614-6970
156,156,730-846-4358
157,157,358-91-1812
158,158,811-364-6571
159,159,543-424-3222
160,160,499-122-9924
161,161,958-350-7651
162,162,294-651-1179
163,163,963-668-708
164,164,122-551-6713
165,165,918-447-9373
166,166,414-424-5112
167,167,796-416-4971
168,168,751-433-8652
169,169,
170,170,479-846-3246
171,171,56-678-6872
172,172,902-89-5970
173,173,754-618-5942
174,174,448-819-4502
175,175,547-560-7162
176,176,10-421-4340
177,177,534-87-8438
178,178,637-172-4711
179,179,779-834-4491
180,180,407-506-5838
181,181,663-443-2137
182,182,282-500-2858
183,183,118-479-8381
184,184,281-524-2350
185,185,883-601-7271
186,186,550-264-1647
187,187,296-102-8208
188,188,77-369-17
189,189,6-811-2219
190,190,545-289-3766
191,191,
192,192,633-983-8101
193,193,334-734-3567
194,194,755-953-7496
195,195,90-119-773
196,196,404-261-3856
197,197,694-289-3576
198,198,588-392-9991
199,199,293-262-5162
200,200,315-262-2292
201,201,810-474-3617
202,202,913-596-1259
203,203,872-790-4273
204,204,954-469-1181
205,205,37-724-6333
206,206,902-414-2937
207,207,844-331-2376
208,208,66-950-1530
209,209,874-533-3534
210,210,
211,211,
212,212,
213,213,
214,214,
215,215,
216,216,19-422-8496
217,217,721-489-2741
218,218,784-344-8168
219,219,436-320-8956
220,220,940-36-2763
221,221,605-847-5188
222,222,195-486-776
223,223,243-694-881
224,224,972-503-9991
225,225,783-839-8087
226,226,821-153-520
227,227,724-225-4728
228,228,689-765-6522
229,229,134-52-8414
230,230,364-672-2541
231,231,803-608-2921
232,232,978-792-14
233,233,419-281-6057
234,234,517-45-6622
235,235,112-231-6384
236,236,96-443-2604
237,237,515-54-9940
238,238,261-581-222
239,239,
240,240,
241,241,14-19-7678