Uid,Organization uid,User uid,Contact uid
1,1,main,20
2,1,main,21
3,1,main,22
4,1,main,23
5,1,main,24
6,1,main,25
7,1,main,26
8,1,main,27
9,1,main,28
10,1,main,29
11,1,1001,30
12,1,1001,31
13,1,1001,32
14,1,1001,33
15,1,1001,34
16,1,1001,35
17,1,2001,36
18,1,2001,37
19,1,2001,38
20,1,2001,39
21,1,2001,40
22,1,2001,41
23,1,2001,42
24,1,2001,43
25,1,2001,44
26,2,main,70
27,2,main,71
28,2,main,72
29,2,main,73
30,2,main,74
31,2,main,75
32,2,main,76
33,2,main,77
34,2,main,78
35,2,main,79
36,2,1002,80
37,2,1002,81
38,2,1002,82
39,2,1002,83
40,2,1002,84
41,2,1002,85
42,2,1002,86
43,2,2002,87
44,2,2002,88
45,2,2002,89
46,2,2002,90
47,2,2002,91
48,2,2002,92
49,2,2002,93
